City_ID,City,Country,Date,Lat,Lng,Max Temp,Max Temp,Max Temp,Max Temp,Humidity,Cloudiness,Wind Speed
0,Ponta Do Sol,PT,2022-02-02 21:55:24,32.6667,-17.1,67.01,67.01,67.01,67.01,78,100,6.08
1,Victoria,HK,2022-02-02 21:55:42,22.2855,114.1577,60.94,60.94,60.94,60.94,93,100,7.0
2,Ushuaia,AR,2022-02-02 21:55:43,-54.8,-68.3,46.06,46.06,46.06,46.06,57,75,20.71
3,Nanortalik,GL,2022-02-02 21:54:10,60.1432,-45.2371,6.84,6.84,6.84,6.84,67,29,7.96
4,Saint George,US,2022-02-02 21:54:12,37.1041,-113.5841,43.63,43.63,43.63,43.63,19,0,1.01
5,Albany,US,2022-02-02 21:55:44,42.6001,-73.9662,42.57,42.57,42.57,42.57,75,82,7.52
6,Mahebourg,MU,2022-02-02 21:55:20,-20.4081,57.7,79.25,79.25,79.25,79.25,100,75,33.38
7,Vaini,TO,2022-02-02 21:55:44,-21.2,-175.2,86.16,86.16,86.16,86.16,70,20,8.05
8,Hilo,US,2022-02-02 21:55:44,19.7297,-155.09,78.12,78.12,78.12,78.12,75,28,3.0
9,Cape Town,ZA,2022-02-02 21:55:18,-33.9258,18.4232,66.11,66.11,66.11,66.11,90,40,1.01
10,Papara,BR,2022-02-02 21:55:45,-3.9839,-38.7273,81.0,81.0,81.0,81.0,89,56,3.96
11,Khatanga,RU,2022-02-02 21:55:45,71.9667,102.5,-36.9,-36.9,-36.9,-36.9,98,47,1.25
12,Provideniya,RU,2022-02-02 21:55:46,64.3833,-173.3,10.51,10.51,10.51,10.51,72,75,38.03
13,Port Elizabeth,ZA,2022-02-02 21:55:46,-33.918,25.5701,72.1,72.1,72.1,72.1,100,75,13.8
14,Usinsk,RU,2022-02-02 21:55:47,65.9939,57.5281,15.37,15.37,15.37,15.37,96,100,8.32
15,Puerto Ayora,EC,2022-02-02 21:55:19,-0.7393,-90.3518,82.36,82.36,82.36,82.36,89,37,5.99
16,Bambanglipuro,ID,2022-02-02 21:55:47,-7.95,110.2833,60.6,60.6,60.6,60.6,85,100,4.85
17,Cap-Aux-Meules,CA,2022-02-02 21:55:48,47.3821,-61.8597,26.65,26.65,26.65,26.65,80,75,11.5
18,Rikitea,PF,2022-02-02 21:54:59,-23.1203,-134.9692,78.46,78.46,78.46,78.46,73,100,7.78
19,Fez,MA,2022-02-02 21:52:44,34.0372,-4.9998,55.65,55.65,55.65,55.65,30,0,9.22
20,Pochutla,MX,2022-02-02 21:55:49,15.7432,-96.4661,85.82,85.82,85.82,85.82,47,0,9.6
21,Bluff,NZ,2022-02-02 21:55:49,-46.6,168.3333,58.8,58.8,58.8,58.8,66,100,16.69
22,Hermanus,ZA,2022-02-02 21:55:49,-34.4187,19.2345,65.89,65.89,65.89,65.89,87,5,11.12
23,Gabu,GW,2022-02-02 21:55:50,12.2833,-14.2167,77.27,77.27,77.27,77.27,31,30,5.57
24,Anadyr,RU,2022-02-02 21:54:05,64.75,177.4833,18.1,18.1,18.1,18.1,53,0,20.13
25,Tasiilaq,GL,2022-02-02 21:55:50,65.6145,-37.6368,10.36,10.36,10.36,10.36,78,100,4.16
26,New Norfolk,AU,2022-02-02 21:55:51,-42.7826,147.0587,59.72,59.72,59.72,59.72,58,68,1.01
27,Souillac,MU,2022-02-02 21:55:31,-20.5167,57.5167,79.36,79.36,79.36,79.36,100,75,33.38
28,Garissa,KE,2022-02-02 21:55:51,-0.4536,39.6401,81.09,81.09,81.09,81.09,64,100,8.79
29,Punta Arenas,CL,2022-02-02 21:55:52,-53.15,-70.9167,48.31,48.31,48.31,48.31,76,75,9.22
30,Te Anau,NZ,2022-02-02 21:55:52,-45.4167,167.7167,60.03,60.03,60.03,60.03,88,100,2.89
31,Busselton,AU,2022-02-02 21:55:53,-33.65,115.3333,66.04,66.04,66.04,66.04,48,100,14.52
32,Chokurdakh,RU,2022-02-02 21:55:53,70.6333,147.9167,-19.59,-19.59,-19.59,-19.59,97,100,6.93
33,Hailar,CN,2022-02-02 21:52:30,49.2,119.7,-28.34,-28.34,-28.34,-28.34,100,74,4.0
34,Sao Paulo De Olivenca,BR,2022-02-02 21:55:54,-3.3783,-68.8725,74.53,74.53,74.53,74.53,94,98,3.27
35,Vanimo,PG,2022-02-02 21:55:54,-2.6741,141.3028,78.21,78.21,78.21,78.21,86,100,3.96
36,Tuktoyaktuk,CA,2022-02-02 21:55:54,69.4541,-133.0374,-22.0,-22.0,-22.0,-22.0,69,75,11.5
37,Atuona,PF,2022-02-02 21:55:55,-9.8,-139.0333,77.59,77.59,77.59,77.59,77,92,15.05
38,Mataura,NZ,2022-02-02 21:55:55,-46.1927,168.8643,58.48,58.48,58.48,58.48,97,100,3.96
39,Borogontsy,RU,2022-02-02 21:55:49,62.6683,131.1683,-38.74,-38.74,-38.74,-38.74,100,55,0.45
40,Malanje,AO,2022-02-02 21:55:56,-9.5402,16.341,63.39,63.39,63.39,63.39,79,22,2.53
41,Santa Cruz,BO,2022-02-02 21:55:56,-17.8,-63.1667,90.86,90.86,90.86,90.86,55,40,11.5
42,Vila Franca Do Campo,PT,2022-02-02 21:55:56,37.7167,-25.4333,58.19,58.19,58.19,58.19,79,22,8.84
43,Barrow,US,2022-02-02 21:55:57,71.2906,-156.7887,-28.82,-28.82,-28.82,-28.82,100,32,2.06
44,Zhigansk,RU,2022-02-02 21:55:24,66.7697,123.3711,-12.3,-12.3,-12.3,-12.3,99,100,6.71
45,Hithadhoo,MV,2022-02-02 21:55:57,-0.6,73.0833,81.75,81.75,81.75,81.75,70,57,5.53
46,Rognan,NO,2022-02-02 21:55:58,67.0953,15.3878,24.94,24.94,24.94,24.94,84,100,9.66
47,Bengkulu,ID,2022-02-02 21:56:58,-3.8004,102.2655,76.28,76.28,76.28,76.28,88,97,4.34
48,Thompson,CA,2022-02-02 21:56:58,55.7435,-97.8558,-9.24,-9.24,-9.24,-9.24,54,20,14.97
49,Hobart,AU,2022-02-02 21:56:59,-42.8794,147.3294,62.02,62.02,62.02,62.02,57,20,1.99
50,Kosovska Mitrovica,XK,2022-02-02 21:56:59,42.8833,20.8667,34.14,34.14,34.14,34.14,95,70,4.25
51,Zimandu Nou,RO,2022-02-02 21:57:00,46.2833,21.4,35.96,35.96,35.96,35.96,87,40,5.75
52,Bethel,US,2022-02-02 21:57:00,41.3712,-73.414,41.41,41.41,41.41,41.41,100,100,1.14
53,Avarua,CK,2022-02-02 21:55:54,-21.2078,-159.775,80.65,80.65,80.65,80.65,89,75,17.27
54,Caravelas,BR,2022-02-02 21:57:01,-17.7125,-39.2481,78.42,78.42,78.42,78.42,84,100,5.35
55,Buraydah,SA,2022-02-02 21:57:01,26.326,43.975,54.05,54.05,54.05,54.05,37,0,9.31
56,Butaritari,KI,2022-02-02 21:57:01,3.0707,172.7902,81.73,81.73,81.73,81.73,79,29,17.83
57,Port Hardy,CA,2022-02-02 21:57:02,50.6996,-127.4199,37.58,37.58,37.58,37.58,93,100,10.36
58,Tessalit,ML,2022-02-02 21:57:02,20.1986,1.0114,63.05,63.05,63.05,63.05,12,0,10.54
59,Saint-Joseph,RE,2022-02-02 21:57:03,-21.3667,55.6167,79.18,79.18,79.18,79.18,92,100,32.99
60,Port Augusta,AU,2022-02-02 21:52:42,-32.5,137.7667,62.74,62.74,62.74,62.74,53,0,14.07
61,San Patricio,US,2022-02-02 21:55:13,28.017,-97.5169,80.58,80.58,80.58,80.58,70,94,14.38
62,Lasa,IT,2022-02-02 21:56:03,46.6166,10.7002,40.03,40.03,40.03,40.03,94,77,8.19
63,Kununurra,AU,2022-02-02 21:57:04,-15.7667,128.7333,75.18,75.18,75.18,75.18,94,99,3.44
64,Sitka,US,2022-02-02 21:57:04,57.0531,-135.33,37.29,37.29,37.29,37.29,93,100,4.61
65,Bredasdorp,ZA,2022-02-02 21:57:05,-34.5322,20.0403,69.12,69.12,69.12,69.12,73,47,8.05
66,Kapaa,US,2022-02-02 21:57:05,22.0752,-159.319,80.11,80.11,80.11,80.11,59,4,3.0
67,Aguimes,ES,2022-02-02 21:57:06,27.9054,-15.4461,66.83,66.83,66.83,66.83,52,0,20.71
68,Saint-Augustin,CA,2022-02-02 21:57:06,51.226,-58.6502,23.79,23.79,23.79,23.79,82,100,24.43
69,Kruisfontein,ZA,2022-02-02 21:57:06,-34.0033,24.7314,69.89,69.89,69.89,69.89,92,100,6.93
70,Sfantu Gheorghe,RO,2022-02-02 21:54:24,45.8667,25.7833,29.82,29.82,29.82,29.82,97,100,2.1
71,Sao Filipe,CV,2022-02-02 21:57:07,14.8961,-24.4956,75.78,75.78,75.78,75.78,65,3,17.96
72,Leningradskiy,RU,2022-02-02 21:57:08,69.3833,178.4167,-14.39,-14.39,-14.39,-14.39,95,30,9.86
73,Amapa,BR,2022-02-02 21:57:08,1.0,-52.0,72.0,72.0,72.0,72.0,99,100,3.87
74,Aborlan,PH,2022-02-02 21:57:08,9.4352,118.5492,78.37,78.37,78.37,78.37,87,83,8.12
75,Yeniseysk,RU,2022-02-02 21:57:09,58.4497,92.1703,4.15,4.15,4.15,4.15,97,96,3.47
76,Sorong,ID,2022-02-02 21:52:22,-0.8833,131.25,77.18,77.18,77.18,77.18,88,100,4.45
77,Airai,TL,2022-02-02 21:57:09,-8.9266,125.4092,60.66,60.66,60.66,60.66,89,100,2.35
78,Bud,US,2022-02-02 21:57:10,39.447,-86.1758,43.75,43.75,43.75,43.75,97,100,13.89
79,Hopkinsville,US,2022-02-02 21:57:10,36.8656,-87.4886,52.5,52.5,52.5,52.5,95,100,5.01
80,Salisbury,GB,2022-02-02 21:54:22,51.0693,-1.7957,49.08,49.08,49.08,49.08,87,100,4.85
81,Dingle,PH,2022-02-02 21:55:56,10.9995,122.6711,74.23,74.23,74.23,74.23,93,99,8.1
82,Flinders,AU,2022-02-02 21:57:11,-34.5833,150.8552,67.37,67.37,67.37,67.37,71,80,15.01
83,Kloulklubed,PW,2022-02-02 21:57:11,7.0419,134.2556,80.87,80.87,80.87,80.87,78,100,18.7
84,Vadinsk,RU,2022-02-02 21:57:12,53.6916,43.0574,19.76,19.76,19.76,19.76,100,100,1.97
85,Zhanaozen,KZ,2022-02-02 21:57:12,43.3,52.8,39.31,39.31,39.31,39.31,77,60,13.82
86,Yulara,AU,2022-02-02 21:55:39,-25.2406,130.9889,66.04,66.04,66.04,66.04,59,100,12.66
87,Itaituba,BR,2022-02-02 21:57:13,-4.2761,-55.9836,87.96,87.96,87.96,87.96,66,20,5.75
88,Barberton,ZA,2022-02-02 21:57:13,-25.7884,31.0532,73.45,73.45,73.45,73.45,84,1,0.85
89,Dhidhdhoo,MV,2022-02-02 21:57:14,6.8833,73.1,80.65,80.65,80.65,80.65,74,17,11.05
90,Kutum,SD,2022-02-02 21:58:14,14.2,24.6667,67.19,67.19,67.19,67.19,21,48,8.05
91,Canatlan,MX,2022-02-02 21:58:15,24.5167,-104.7833,69.33,69.33,69.33,69.33,26,5,24.38
92,Wanlaweyn,SO,2022-02-02 21:58:15,2.6185,44.8938,77.92,77.92,77.92,77.92,70,97,15.1
93,Kodiak,US,2022-02-02 21:58:15,57.79,-152.4072,36.91,36.91,36.91,36.91,93,100,0.0
94,Kandrian,PG,2022-02-02 21:58:16,-6.2167,149.55,78.39,78.39,78.39,78.39,84,100,16.6
95,Samarai,PG,2022-02-02 21:58:16,-10.6167,150.6667,80.47,80.47,80.47,80.47,79,98,6.58
96,Lagos,NG,2022-02-02 21:58:16,6.5833,3.75,79.12,79.12,79.12,79.12,83,21,5.17
97,Libertador General San Martin,AR,2022-02-02 21:58:17,-23.8064,-64.7876,82.98,82.98,82.98,82.98,38,40,4.61
98,Daru,PG,2022-02-02 21:58:17,-9.0763,143.2092,76.5,76.5,76.5,76.5,79,100,5.68
99,Cap Malheureux,MU,2022-02-02 21:58:18,-19.9842,57.6142,79.47,79.47,79.47,79.47,89,100,18.01
100,Nakatsugawa,JP,2022-02-02 21:58:18,35.4833,137.5,34.11,34.11,34.11,34.11,86,91,2.84
101,Port Alfred,ZA,2022-02-02 21:58:18,-33.5906,26.891,73.98,73.98,73.98,73.98,95,100,7.94
102,Humaita,BR,2022-02-02 21:58:19,-7.5061,-63.0208,75.83,75.83,75.83,75.83,95,100,1.83
103,Fredericksburg,US,2022-02-02 21:55:54,38.3032,-77.4605,51.69,51.69,51.69,51.69,63,0,1.01
104,San Quintin,MX,2022-02-02 21:58:20,30.4833,-115.95,61.68,61.68,61.68,61.68,55,0,11.18
105,Harnosand,SE,2022-02-02 21:58:20,62.6323,17.9379,8.6,8.6,8.6,8.6,88,57,5.95
106,Umm Lajj,SA,2022-02-02 21:58:20,25.0213,37.2685,69.12,69.12,69.12,69.12,50,0,6.35
107,Saldanha,ZA,2022-02-02 21:58:21,-33.0117,17.9442,66.25,66.25,66.25,66.25,86,79,6.91
108,Basco,PH,2022-02-02 21:58:21,20.4487,121.9702,75.45,75.45,75.45,75.45,71,84,15.59
109,Ilulissat,GL,2022-02-02 21:54:11,69.2167,-51.1,-8.41,-8.41,-8.41,-8.41,57,85,16.4
110,Mackay,AU,2022-02-02 21:54:12,-21.15,149.2,83.68,83.68,83.68,83.68,83,40,4.61
111,Ventspils,LV,2022-02-02 21:58:22,57.3894,21.5606,28.33,28.33,28.33,28.33,69,100,11.5
112,Boppard,DE,2022-02-02 21:58:22,50.2308,7.5899,48.11,48.11,48.11,48.11,82,100,4.36
113,Tiarei,PF,2022-02-02 21:58:23,-17.5333,-149.3333,86.02,86.02,86.02,86.02,77,11,19.73
114,Aswan,EG,2022-02-02 21:58:23,24.0934,32.907,60.1,60.1,60.1,60.1,38,0,8.05
115,Geraldton,AU,2022-02-02 21:58:24,-28.7667,114.6,84.61,84.61,84.61,84.61,17,0,19.57
116,Saryg-Sep,RU,2022-02-02 21:58:24,51.5,95.6,-21.23,-21.23,-21.23,-21.23,100,99,2.62
117,Hambantota,LK,2022-02-02 21:58:25,6.1241,81.1185,71.94,71.94,71.94,71.94,100,20,0.0
118,Cayenne,GF,2022-02-02 21:54:15,4.9333,-52.3333,80.1,80.1,80.1,80.1,84,75,5.99
119,Narsaq,GL,2022-02-02 21:58:25,60.9167,-46.05,-1.53,-1.53,-1.53,-1.53,66,56,7.92
120,Harindanga,IN,2022-02-02 21:58:26,22.0383,88.3214,66.18,66.18,66.18,66.18,86,0,3.47
121,Yellowknife,CA,2022-02-02 21:58:26,62.456,-114.3525,-21.71,-21.71,-21.71,-21.71,75,20,3.44
122,Ostrovnoy,RU,2022-02-02 21:57:28,68.0531,39.5131,20.82,20.82,20.82,20.82,91,100,15.01
123,Krasnyy Chikoy,RU,2022-02-02 21:58:27,50.3643,108.7512,-9.17,-9.17,-9.17,-9.17,100,100,1.92
124,Cape Coast,GH,2022-02-02 21:58:27,5.1053,-1.2466,80.42,80.42,80.42,80.42,83,2,11.05
125,Lebu,CL,2022-02-02 21:54:21,-37.6167,-73.65,63.72,63.72,63.72,63.72,79,45,11.01
126,Fairbanks,US,2022-02-02 21:55:25,64.8378,-147.7164,-7.4,-7.4,-7.4,-7.4,72,0,0.0
127,Bambous Virieux,MU,2022-02-02 21:56:01,-20.3428,57.7575,79.21,79.21,79.21,79.21,100,75,33.38
128,Pechory,RU,2022-02-02 21:58:28,57.8164,27.6119,20.66,20.66,20.66,20.66,99,97,1.79
129,Norman Wells,CA,2022-02-02 21:58:29,65.282,-126.8329,-21.96,-21.96,-21.96,-21.96,69,75,11.5
130,Axim,GH,2022-02-02 21:58:29,4.8699,-2.2405,80.33,80.33,80.33,80.33,81,9,9.82
131,Esperance,AU,2022-02-02 21:58:30,-33.8667,121.9,57.04,57.04,57.04,57.04,72,2,12.15
132,Khorramshahr,IR,2022-02-02 21:58:30,30.4397,48.1664,49.96,49.96,49.96,49.96,87,0,4.61
133,East London,ZA,2022-02-02 21:56:22,-33.0153,27.9116,74.89,74.89,74.89,74.89,94,59,11.56
134,Codrington,AU,2022-02-02 21:56:57,-38.2667,141.9667,59.04,59.04,59.04,59.04,65,86,13.62
135,Yenagoa,NG,2022-02-02 21:59:31,4.9247,6.2642,80.02,80.02,80.02,80.02,72,4,6.38
136,Chulym,RU,2022-02-02 21:59:31,55.0997,80.9572,-5.28,-5.28,-5.28,-5.28,100,100,4.63
137,Vardo,NO,2022-02-02 21:59:32,70.3705,31.1107,23.2,23.2,23.2,23.2,58,100,17.4
138,Abu Samrah,SY,2022-02-02 21:59:32,35.3029,37.1841,48.63,48.63,48.63,48.63,56,93,10.89
139,Padre Bernardo,BR,2022-02-02 21:59:33,-15.35,-48.5,73.17,73.17,73.17,73.17,81,68,2.42
140,Port Blair,IN,2022-02-02 21:57:03,11.6667,92.75,76.71,76.71,76.71,76.71,70,83,5.82
141,Launceston,AU,2022-02-02 21:59:33,-41.45,147.1667,60.44,60.44,60.44,60.44,56,40,1.01
142,Yerbogachen,RU,2022-02-02 21:59:34,61.2767,108.0108,-5.03,-5.03,-5.03,-5.03,99,98,3.58
143,Namibe,AO,2022-02-02 21:59:34,-15.1961,12.1522,73.0,73.0,73.0,73.0,70,83,10.69
144,Iqaluit,CA,2022-02-02 21:59:34,63.7506,-68.5145,8.33,8.33,8.33,8.33,78,100,11.01
145,Bouna,CI,2022-02-02 21:59:35,9.2667,-3.0,73.45,73.45,73.45,73.45,10,56,5.12
146,Hattiesburg,US,2022-02-02 21:59:32,31.3271,-89.2903,65.53,65.53,65.53,65.53,97,100,4.61
147,Machinga,MW,2022-02-02 21:59:35,-15.1685,35.3,67.96,67.96,67.96,67.96,90,51,2.28
148,Doha,QA,2022-02-02 21:56:09,25.2867,51.5333,60.78,60.78,60.78,60.78,72,0,10.36
149,Bandarbeyla,SO,2022-02-02 21:59:36,9.4942,50.8122,74.71,74.71,74.71,74.71,73,16,16.69
150,Solnechnyy,RU,2022-02-02 21:59:36,50.7214,136.6319,-8.91,-8.91,-8.91,-8.91,99,95,2.55
151,Henties Bay,NA,2022-02-02 21:59:37,-22.116,14.2845,68.86,68.86,68.86,68.86,81,78,5.23
152,Grindavik,IS,2022-02-02 21:59:37,63.8424,-22.4338,25.27,25.27,25.27,25.27,68,75,4.61
153,Montmagny,FR,2022-02-02 21:59:37,48.9734,2.3469,49.01,49.01,49.01,49.01,78,100,5.75
154,Dikson,RU,2022-02-02 21:58:38,73.5069,80.5464,-7.8,-7.8,-7.8,-7.8,98,94,9.89
155,Monterrey,MX,2022-02-02 21:55:34,25.6667,-100.3167,91.04,91.04,91.04,91.04,32,0,5.73
156,Laguna,US,2022-02-02 21:59:38,38.421,-121.4238,62.47,62.47,62.47,62.47,28,0,10.0
157,Berlevag,NO,2022-02-02 21:59:38,70.8578,29.0864,17.55,17.55,17.55,17.55,93,75,8.05
158,Roald,NO,2022-02-02 21:55:57,62.5833,6.1333,35.74,35.74,35.74,35.74,75,20,9.22
159,Ponta Delgada,PT,2022-02-02 21:59:39,37.7333,-25.6667,58.5,58.5,58.5,58.5,77,20,8.05
160,Ayan,RU,2022-02-02 21:58:57,56.45,138.1667,-2.92,-2.92,-2.92,-2.92,70,100,15.3
161,Kolokani,ML,2022-02-02 21:59:40,13.5728,-8.0339,70.88,70.88,70.88,70.88,16,0,9.24
162,Oksfjord,NO,2022-02-02 21:56:48,70.2396,22.3479,16.72,16.72,16.72,16.72,93,74,10.54
163,Xiaoweizhai,CN,2022-02-02 21:59:40,26.1903,107.5125,32.72,32.72,32.72,32.72,91,100,4.0
164,Vao,NC,2022-02-02 21:55:12,-22.6667,167.4833,77.74,77.74,77.74,77.74,77,97,14.54
165,Ancud,CL,2022-02-02 21:59:41,-41.8697,-73.8203,69.33,69.33,69.33,69.33,76,96,7.07
166,Atbasar,KZ,2022-02-02 21:58:04,51.8,68.3333,8.55,8.55,8.55,8.55,89,95,4.7
167,Georgetown,MY,2022-02-02 21:55:17,5.4112,100.3354,80.53,80.53,80.53,80.53,90,20,0.0
168,La Ronge,CA,2022-02-02 21:59:41,55.1001,-105.2842,-12.75,-12.75,-12.75,-12.75,44,0,4.61
169,Kavaratti,IN,2022-02-02 21:59:42,10.5669,72.642,79.52,79.52,79.52,79.52,72,7,10.6
170,Christchurch,NZ,2022-02-02 21:59:42,-43.5333,172.6333,84.0,84.0,84.0,84.0,55,100,4.0
171,Rocha,UY,2022-02-02 21:56:08,-34.4833,-54.3333,75.36,75.36,75.36,75.36,71,0,12.46
172,Carnarvon,AU,2022-02-02 21:59:43,-24.8667,113.6333,77.07,77.07,77.07,77.07,88,75,10.36
173,San Marcos,US,2022-02-02 21:59:43,33.1434,-117.1661,68.77,68.77,68.77,68.77,17,0,1.01
174,Qaanaaq,GL,2022-02-02 21:59:43,77.484,-69.3632,-14.91,-14.91,-14.91,-14.91,81,100,6.98
175,Caucaia,BR,2022-02-02 21:55:02,-3.7361,-38.6531,82.35,82.35,82.35,82.35,80,75,8.05
176,Faanui,PF,2022-02-02 21:59:44,-16.4833,-151.75,81.01,81.01,81.01,81.01,73,20,20.0
177,Tilichiki,RU,2022-02-02 21:59:44,60.4667,166.1,1.54,1.54,1.54,1.54,82,100,10.92
178,Barbosa Ferraz,BR,2022-02-02 21:59:45,-24.03,-52.0117,79.09,79.09,79.09,79.09,87,5,3.89
179,Bela,IN,2022-02-02 21:59:45,25.9333,81.9833,53.44,53.44,53.44,53.44,62,0,8.23
180,Stepnyak,KZ,2022-02-02 21:59:46,52.8339,70.7803,14.65,14.65,14.65,14.65,83,100,9.04
181,Shubarshi,KZ,2022-02-02 22:00:46,48.5872,57.1869,13.24,13.24,13.24,13.24,92,42,7.2
182,Paragould,US,2022-02-02 22:00:47,36.0584,-90.4973,33.73,33.73,33.73,33.73,96,100,1.99
183,Arraial Do Cabo,BR,2022-02-02 22:00:47,-22.9661,-42.0278,75.58,75.58,75.58,75.58,88,97,6.33
184,Manzhouli,CN,2022-02-02 22:00:48,49.6,117.4333,-16.71,-16.71,-16.71,-16.71,95,22,6.58
185,Rio Gallegos,AR,2022-02-02 22:00:48,-51.6226,-69.2181,55.65,55.65,55.65,55.65,64,100,16.98
186,Kapit,MY,2022-02-02 22:00:49,2.0167,112.9333,71.74,71.74,71.74,71.74,99,94,1.03
187,Haines Junction,CA,2022-02-02 22:00:49,60.7522,-137.5108,6.76,6.76,6.76,6.76,89,100,2.33
188,Hay River,CA,2022-02-02 22:00:50,60.8156,-115.7999,-7.78,-7.78,-7.78,-7.78,93,33,2.64
189,Lorengau,PG,2022-02-02 22:00:50,-2.0226,147.2712,79.75,79.75,79.75,79.75,80,100,11.45
190,Ahipara,NZ,2022-02-02 21:57:07,-35.1667,173.1667,74.41,74.41,74.41,74.41,71,100,13.06
191,College,US,2022-02-02 22:00:51,64.8569,-147.8028,-4.41,-4.41,-4.41,-4.41,76,6,2.77
192,Kaitangata,NZ,2022-02-02 22:00:51,-46.2817,169.8464,54.36,54.36,54.36,54.36,95,100,4.99
193,Kavieng,PG,2022-02-02 22:00:52,-2.5744,150.7967,78.42,78.42,78.42,78.42,84,100,13.67
194,Turukhansk,RU,2022-02-02 21:56:16,65.8167,87.9833,1.13,1.13,1.13,1.13,96,100,6.42
195,Taoudenni,ML,2022-02-02 22:00:52,22.6783,-3.9836,67.33,67.33,67.33,67.33,18,7,14.76
196,Mar Del Plata,AR,2022-02-02 22:00:31,-38.0023,-57.5575,81.09,81.09,81.09,81.09,68,92,8.93
197,Altay,CN,2022-02-02 21:57:40,47.8667,88.1167,4.15,4.15,4.15,4.15,72,11,6.78
198,Ribeira Grande,PT,2022-02-02 22:00:53,38.5167,-28.7,59.7,59.7,59.7,59.7,74,8,9.42
199,Suwannaphum,TH,2022-02-02 22:00:54,15.6035,103.8021,75.4,75.4,75.4,75.4,78,32,9.66
200,Kautokeino,NO,2022-02-02 22:00:54,69.0125,23.0412,7.34,7.34,7.34,7.34,96,100,4.41
201,Price,US,2022-02-02 22:00:55,39.5994,-110.8107,27.12,27.12,27.12,27.12,37,77,13.35
202,Byron Bay,AU,2022-02-02 21:59:53,-28.65,153.6167,76.05,76.05,76.05,76.05,94,99,12.03
203,Chuy,UY,2022-02-02 22:00:55,-33.6971,-53.4616,74.48,74.48,74.48,74.48,74,0,13.22
204,Husavik,IS,2022-02-02 22:00:56,66.0449,-17.3389,20.64,20.64,20.64,20.64,91,99,5.86
205,Cidreira,BR,2022-02-02 22:00:56,-30.1811,-50.2056,75.97,75.97,75.97,75.97,84,0,17.74
206,Grand Gaube,MU,2022-02-02 22:00:57,-20.0064,57.6608,79.38,79.38,79.38,79.38,88,100,18.01
207,Fortuna,US,2022-02-02 22:00:57,40.5982,-124.1573,57.85,57.85,57.85,57.85,70,0,3.0
208,Ialibu,PG,2022-02-02 22:00:58,-6.2821,143.9935,56.64,56.64,56.64,56.64,85,100,1.74
209,Martapura,ID,2022-02-02 22:00:58,-3.4167,114.85,75.29,75.29,75.29,75.29,94,100,3.44
210,Viedma,AR,2022-02-02 21:56:22,-40.8135,-62.9967,81.97,81.97,81.97,81.97,24,21,8.12
211,Oksbol,DK,2022-02-02 22:00:59,55.6268,8.2876,43.09,43.09,43.09,43.09,93,100,16.44
212,Sabang,ID,2022-02-02 22:00:59,5.8933,95.3214,80.65,80.65,80.65,80.65,78,48,8.23
213,Rawson,AR,2022-02-02 22:01:00,-43.3002,-65.1023,75.29,75.29,75.29,75.29,38,100,10.8
214,Port-Cartier,CA,2022-02-02 21:56:44,50.0334,-66.8654,26.74,26.74,26.74,26.74,94,100,11.1
215,Mehamn,NO,2022-02-02 22:01:00,71.0357,27.8492,17.51,17.51,17.51,17.51,73,100,9.48
216,Yarmouth,US,2022-02-02 22:01:01,41.7057,-70.2286,43.47,43.47,43.47,43.47,96,100,4.61
217,Mount Gambier,AU,2022-02-02 22:00:25,-37.8333,140.7667,58.59,58.59,58.59,58.59,63,100,9.33
218,Saint-Leu,RE,2022-02-02 22:01:01,-21.15,55.2833,79.66,79.66,79.66,79.66,87,100,29.21
219,Gobabis,NA,2022-02-02 22:01:02,-22.45,18.9667,66.42,66.42,66.42,66.42,79,73,6.53
220,Makaryev,RU,2022-02-02 22:01:02,57.8797,43.8069,16.34,16.34,16.34,16.34,96,99,6.33
221,Harper,LR,2022-02-02 22:01:02,4.375,-7.7169,79.2,79.2,79.2,79.2,79,84,7.05
222,Touros,BR,2022-02-02 21:56:50,-5.1989,-35.4608,83.3,83.3,83.3,83.3,72,39,12.84
223,Algeciras,ES,2022-02-02 22:01:03,36.1333,-5.4505,53.37,53.37,53.37,53.37,83,90,6.24
224,Singkang,MY,2022-02-02 22:01:04,2.1006,102.7994,72.37,72.37,72.37,72.37,95,46,3.22
225,Ulundi,ZA,2022-02-02 22:02:04,-28.3352,31.4162,70.25,70.25,70.25,70.25,98,9,3.56
226,Kyren,RU,2022-02-02 22:02:04,51.6828,102.1408,0.3,0.3,0.3,0.3,85,71,1.34
227,Traverse City,US,2022-02-02 22:02:01,44.7631,-85.6206,21.94,21.94,21.94,21.94,72,100,10.36
228,Prado,BR,2022-02-02 22:02:05,-17.3411,-39.2208,78.58,78.58,78.58,78.58,85,95,7.09
229,Hargeysa,SO,2022-02-02 22:02:05,9.56,44.065,59.7,59.7,59.7,59.7,91,98,11.05
230,Sola,VU,2022-02-02 22:02:06,-13.8833,167.55,80.91,80.91,80.91,80.91,79,98,6.2
231,Sao Joao Da Barra,BR,2022-02-02 22:02:06,-21.6403,-41.0511,75.25,75.25,75.25,75.25,89,100,7.36
232,Naze,JP,2022-02-02 22:02:07,28.3667,129.4833,56.32,56.32,56.32,56.32,90,100,23.0
233,Nyurba,RU,2022-02-02 22:02:07,63.2842,118.3319,-33.93,-33.93,-33.93,-33.93,100,81,3.4
234,Aasiaat,GL,2022-02-02 22:02:08,68.7098,-52.8699,-9.11,-9.11,-9.11,-9.11,84,100,16.89
235,Roebourne,AU,2022-02-02 22:02:08,-20.7833,117.1333,82.29,82.29,82.29,82.29,69,100,4.36
236,George Town,MY,2022-02-02 22:01:34,5.4112,100.3354,80.53,80.53,80.53,80.53,85,20,2.3
237,Kurchum,KZ,2022-02-02 22:02:09,48.5722,83.6542,-12.98,-12.98,-12.98,-12.98,94,6,2.86
238,Sioux Lookout,CA,2022-02-02 21:59:46,50.1001,-91.917,-9.02,-9.02,-9.02,-9.02,64,75,12.66
239,Abreus,CU,2022-02-02 22:02:09,22.2775,-80.5675,81.77,81.77,81.77,81.77,51,82,12.41
240,Pangkalanbuun,ID,2022-02-02 22:00:31,-2.6833,111.6167,72.61,72.61,72.61,72.61,98,100,1.41
241,Upernavik,GL,2022-02-02 21:59:51,72.7868,-56.1549,-5.13,-5.13,-5.13,-5.13,69,100,7.65
242,Jasdan,IN,2022-02-02 22:02:10,22.0333,71.2,65.37,65.37,65.37,65.37,69,2,14.45
243,Orlik,RU,2022-02-02 22:02:10,52.5178,99.825,-21.35,-21.35,-21.35,-21.35,97,83,2.01
244,Ostrogozhsk,RU,2022-02-02 22:02:11,50.8664,39.0756,32.54,32.54,32.54,32.54,100,100,3.71
245,Cabo San Lucas,MX,2022-02-02 21:58:17,22.8909,-109.9124,78.62,78.62,78.62,78.62,61,16,3.0
246,Constitucion,CL,2022-02-02 22:01:05,-35.3333,-72.4167,64.42,64.42,64.42,64.42,73,31,8.59
247,Deputatskiy,RU,2022-02-02 22:02:11,69.3,139.9,-24.23,-24.23,-24.23,-24.23,93,23,6.13
248,Jamestown,US,2022-02-02 22:02:05,42.097,-79.2353,40.08,40.08,40.08,40.08,63,100,1.99
249,Khiri Mat,TH,2022-02-02 22:02:12,16.8333,99.8,75.65,75.65,75.65,75.65,49,37,1.83
250,Saskylakh,RU,2022-02-02 22:02:13,71.9167,114.0833,-30.41,-30.41,-30.41,-30.41,100,28,2.59
251,Pisco,PE,2022-02-02 22:02:13,-13.7,-76.2167,77.02,77.02,77.02,77.02,72,4,10.96
252,Nikolskoye,RU,2022-02-02 22:02:13,59.7035,30.7861,22.89,22.89,22.89,22.89,98,99,1.1
253,Saint Marys,US,2022-02-02 22:00:13,30.7305,-81.5465,73.65,73.65,73.65,73.65,74,40,4.0
254,Tiznit,MA,2022-02-02 22:02:14,29.5833,-9.5,67.64,67.64,67.64,67.64,25,81,6.64
255,Monterey,US,2022-02-02 22:00:04,36.2505,-121.2516,59.11,59.11,59.11,59.11,21,0,15.66
256,Gorontalo,ID,2022-02-02 22:02:15,0.5412,123.0595,73.13,73.13,73.13,73.13,89,98,3.98
257,Nagornyy,RU,2022-02-02 22:02:15,52.7959,83.5498,15.15,15.15,15.15,15.15,100,81,0.74
258,Tabou,CI,2022-02-02 22:02:15,4.423,-7.3528,79.02,79.02,79.02,79.02,80,73,7.38
259,Yumen,CN,2022-02-02 22:02:16,40.2833,97.2,21.4,21.4,21.4,21.4,35,100,9.66
260,Batagay-Alyta,RU,2022-02-02 22:02:16,67.8006,130.4114,-25.73,-25.73,-25.73,-25.73,99,54,3.65
261,Nuuk,GL,2022-02-02 22:00:39,64.1835,-51.7216,11.01,11.01,11.01,11.01,52,75,9.22
262,Chumphon,TH,2022-02-02 22:02:17,10.3333,98.8333,71.4,71.4,71.4,71.4,90,87,2.26
263,Sumbe,AO,2022-02-02 22:02:17,-11.2061,13.8437,74.55,74.55,74.55,74.55,80,54,6.38
264,Ornskoldsvik,SE,2022-02-02 22:02:18,63.2909,18.7153,9.55,9.55,9.55,9.55,92,100,3.44
265,Alofi,NU,2022-02-02 21:57:19,-19.0595,-169.9187,76.89,76.89,76.89,76.89,88,75,6.91
266,Gualeguaychu,AR,2022-02-02 22:02:18,-33.0094,-58.5172,92.86,92.86,92.86,92.86,52,20,9.22
267,Smithers,CA,2022-02-02 22:02:19,54.7804,-127.1743,18.54,18.54,18.54,18.54,89,100,0.63
268,Gomel,BY,2022-02-02 22:00:01,52.4345,30.9754,28.53,28.53,28.53,28.53,96,100,10.36
269,Lima,PE,2022-02-02 22:00:39,-12.0432,-77.0282,74.7,74.7,74.7,74.7,65,13,11.23
270,Longview,US,2022-02-02 22:02:20,32.5007,-94.7405,64.08,64.08,64.08,64.08,82,75,10.36
271,Guerrero Negro,MX,2022-02-02 22:02:20,27.9769,-114.0611,64.27,64.27,64.27,64.27,49,3,13.02
272,Nemuro,JP,2022-02-02 22:02:20,43.3236,145.575,22.8,22.8,22.8,22.8,72,54,8.23
273,Berbera,SO,2022-02-02 22:02:21,10.4396,45.0143,76.05,76.05,76.05,76.05,78,100,7.47
274,Riverton,US,2022-02-02 22:00:10,40.5219,-111.9391,31.17,31.17,31.17,31.17,63,0,8.01
275,Denpasar,ID,2022-02-02 22:03:21,-8.65,115.2167,78.46,78.46,78.46,78.46,88,75,6.91
276,Pangnirtung,CA,2022-02-02 22:03:22,66.1451,-65.7125,6.8,6.8,6.8,6.8,72,100,21.85
277,Isangel,VU,2022-02-02 22:03:22,-19.55,169.2667,86.11,86.11,86.11,86.11,84,75,3.44
278,Duobao,CN,2022-02-02 22:03:23,30.67,112.6895,36.05,36.05,36.05,36.05,65,88,1.3
279,Floro,NO,2022-02-02 22:03:23,61.5996,5.0328,33.76,33.76,33.76,33.76,80,0,11.5
280,Adrar,MR,2022-02-02 22:03:24,20.5022,-10.0711,70.34,70.34,70.34,70.34,20,81,10.2
281,Hasaki,JP,2022-02-02 22:03:24,35.7333,140.8333,25.2,25.2,25.2,25.2,50,36,10.02
282,Nicoya,CR,2022-02-02 22:03:24,10.1483,-85.452,87.35,87.35,87.35,87.35,43,1,3.42
283,Vila Velha,BR,2022-02-02 22:01:16,-20.3297,-40.2925,78.94,78.94,78.94,78.94,82,100,2.42
284,Mantua,IT,2022-02-02 22:03:25,45.1667,10.7833,51.49,51.49,51.49,51.49,80,0,0.36
285,Coquimbo,CL,2022-02-02 22:01:03,-29.9533,-71.3436,66.29,66.29,66.29,66.29,76,17,8.59
286,Russell,US,2022-02-02 22:03:25,32.3502,-85.1999,70.75,70.75,70.75,70.75,47,20,16.11
287,Mitsamiouli,KM,2022-02-02 22:03:26,-11.3847,43.2844,81.14,81.14,81.14,81.14,75,80,1.5
288,Labuhan,ID,2022-02-02 22:03:26,-6.8844,112.2051,77.63,77.63,77.63,77.63,86,100,5.12
289,Niquelandia,BR,2022-02-02 22:03:27,-14.4739,-48.4597,74.19,74.19,74.19,74.19,82,60,3.27
290,Dubti,ET,2022-02-02 22:03:27,11.7361,41.0853,80.38,80.38,80.38,80.38,53,100,13.22
291,Tuatapere,NZ,2022-02-02 22:01:43,-46.1333,167.6833,58.82,58.82,58.82,58.82,85,100,6.87
292,Morant Bay,JM,2022-02-02 22:00:48,17.8815,-76.4093,78.66,78.66,78.66,78.66,74,1,10.58
293,Port-Gentil,GA,2022-02-02 22:03:28,-0.7193,8.7815,80.26,80.26,80.26,80.26,80,18,9.55
294,Veraval,IN,2022-02-02 22:03:28,20.9,70.3667,71.38,71.38,71.38,71.38,79,2,10.51
295,Katsuura,JP,2022-02-02 22:03:28,35.1333,140.3,39.18,39.18,39.18,39.18,51,30,9.46
296,Kuching,MY,2022-02-02 22:03:29,1.55,110.3333,77.22,77.22,77.22,77.22,88,40,3.44
297,Owando,CG,2022-02-02 22:03:29,-0.4819,15.8999,77.58,77.58,77.58,77.58,67,100,2.84
298,Lutz,US,2022-02-02 21:58:39,28.1511,-82.4615,80.83,80.83,80.83,80.83,50,0,7.0
299,San Cristobal,VE,2022-02-02 22:03:30,7.7669,-72.225,82.85,82.85,82.85,82.85,30,19,5.64
300,Santa Rita,BR,2022-02-02 22:03:30,-7.1139,-34.9781,81.27,81.27,81.27,81.27,74,20,8.05
301,Necochea,AR,2022-02-02 22:03:31,-38.5473,-58.7368,84.02,84.02,84.02,84.02,49,100,11.23
302,Gat,IL,2022-02-02 22:03:31,31.61,34.7642,59.4,59.4,59.4,59.4,55,98,4.45
303,Nova Olimpia,BR,2022-02-02 22:03:31,-14.7972,-57.2881,79.25,79.25,79.25,79.25,86,59,0.98
304,Fayaoue,NC,2022-02-02 22:03:32,-20.65,166.5333,81.23,81.23,81.23,81.23,78,69,7.81
305,Lusambo,CD,2022-02-02 22:03:32,-4.9667,23.45,69.15,69.15,69.15,69.15,94,100,1.59
306,Sidney,AU,2022-02-02 22:01:29,-33.8679,151.2073,70.32,70.32,70.32,70.32,75,40,15.99
307,Manaure,CO,2022-02-02 22:03:33,11.7751,-72.4445,85.86,85.86,85.86,85.86,54,11,17.45
308,Kyra,RU,2022-02-02 22:03:33,49.5776,111.9753,-13.02,-13.02,-13.02,-13.02,93,11,5.53
309,Kargasok,RU,2022-02-02 22:03:34,59.0556,80.8572,12.47,12.47,12.47,12.47,93,95,9.19
310,Halifax,CA,2022-02-02 22:03:34,44.6453,-63.5724,34.29,34.29,34.29,34.29,86,100,10.36
311,Dolores,AR,2022-02-02 22:03:34,-36.3132,-57.6792,77.72,77.72,77.72,77.72,48,81,10.87
312,Kamaishi,JP,2022-02-02 22:03:35,39.2667,141.8833,30.67,30.67,30.67,30.67,62,10,7.76
313,Bitung,ID,2022-02-02 22:03:35,1.4451,125.1824,74.25,74.25,74.25,74.25,83,98,8.16
314,Ngunguru,NZ,2022-02-02 22:03:36,-35.6167,174.5,73.17,73.17,73.17,73.17,82,100,15.1
315,Areosa,PT,2022-02-02 22:03:36,41.7178,-8.8571,55.33,55.33,55.33,55.33,79,100,7.43
316,Termoli,IT,2022-02-02 22:03:36,41.9888,14.9895,41.58,41.58,41.58,41.58,72,0,9.13
317,Nouadhibou,MR,2022-02-02 22:03:37,20.931,-17.0347,66.79,66.79,66.79,66.79,79,1,17.67
318,Iskateley,RU,2022-02-02 22:03:37,67.6803,53.1512,7.38,7.38,7.38,7.38,96,100,7.52
319,Ylivieska,FI,2022-02-02 22:03:38,64.0833,24.55,10.31,10.31,10.31,10.31,99,88,2.42
320,Qandala,SO,2022-02-02 22:04:38,11.472,49.8728,73.04,73.04,73.04,73.04,68,2,4.72
321,Comodoro Rivadavia,AR,2022-02-02 22:04:39,-45.8667,-67.5,80.46,80.46,80.46,80.46,28,0,6.91
322,Viransehir,TR,2022-02-02 22:04:39,37.2353,39.7631,41.16,41.16,41.16,41.16,81,97,7.65
323,Khromtau,KZ,2022-02-02 22:04:39,50.2503,58.4347,11.77,11.77,11.77,11.77,91,88,8.1
324,Baykit,RU,2022-02-02 22:04:40,61.67,96.37,-0.04,-0.04,-0.04,-0.04,99,100,1.92
325,Mwinilunga,ZM,2022-02-02 22:04:40,-11.7358,24.4293,61.29,61.29,61.29,61.29,96,99,1.61
326,Kibakwe,TZ,2022-02-02 22:04:41,-6.7167,36.3667,65.44,65.44,65.44,65.44,94,100,1.52
327,Miguel Pereira,BR,2022-02-02 22:04:41,-22.4539,-43.4689,71.64,71.64,71.64,71.64,99,100,2.57
328,Beringovskiy,RU,2022-02-02 22:04:42,63.05,179.3167,2.34,2.34,2.34,2.34,79,79,20.11
329,Keti Bandar,PK,2022-02-02 22:04:42,24.1447,67.4497,70.39,70.39,70.39,70.39,49,2,19.6
330,Garden City,US,2022-02-02 22:04:42,42.3256,-83.331,32.14,32.14,32.14,32.14,96,100,12.66
331,Manokwari,ID,2022-02-02 22:04:43,-0.8667,134.0833,76.62,76.62,76.62,76.62,79,98,2.66
332,Cherskiy,RU,2022-02-02 22:04:23,68.75,161.3,-14.87,-14.87,-14.87,-14.87,65,62,0.54
333,Sibolga,ID,2022-02-02 22:04:43,1.7427,98.7792,76.06,76.06,76.06,76.06,81,92,2.95
334,Aztec,US,2022-02-02 22:04:44,36.8222,-107.9929,38.3,38.3,38.3,38.3,46,94,3.0
335,Inkster,US,2022-02-02 22:04:13,42.2942,-83.3099,33.03,33.03,33.03,33.03,96,100,3.0
336,Poum,NC,2022-02-02 22:04:44,-20.2333,164.0167,79.95,79.95,79.95,79.95,76,0,6.82
337,Moerai,PF,2022-02-02 22:04:45,-22.4333,-151.3333,79.83,79.83,79.83,79.83,76,89,17.4
338,Klyuchi,RU,2022-02-02 22:04:45,52.2667,79.1667,-4.29,-4.29,-4.29,-4.29,100,88,3.02
339,Eureka,US,2022-02-02 22:00:48,40.8021,-124.1637,58.12,58.12,58.12,58.12,72,56,8.99
340,Sangar,RU,2022-02-02 22:04:46,63.9242,127.4739,-31.32,-31.32,-31.32,-31.32,100,72,2.44
341,Muisne,EC,2022-02-02 22:04:46,0.6,-80.0333,78.91,78.91,78.91,78.91,79,50,7.16
342,Monrovia,LR,2022-02-02 22:00:13,6.3005,-10.7969,76.77,76.77,76.77,76.77,82,11,8.01
343,Vazante,BR,2022-02-02 22:04:47,-17.9869,-46.9078,73.02,73.02,73.02,73.02,87,92,1.23
344,Ranong,TH,2022-02-02 22:04:47,9.9658,98.6348,77.5,77.5,77.5,77.5,83,59,3.44
345,Casablanca,MA,2022-02-02 22:01:48,33.5928,-7.6192,60.33,60.33,60.33,60.33,67,96,4.0
346,Glace Bay,CA,2022-02-02 22:00:15,46.1969,-59.957,29.79,29.79,29.79,29.79,78,81,7.0
347,Bundaberg,AU,2022-02-02 22:04:48,-24.85,152.35,77.22,77.22,77.22,77.22,89,100,1.01
348,Dudinka,RU,2022-02-02 22:04:48,69.4058,86.1778,-11.92,-11.92,-11.92,-11.92,100,96,4.56
349,Shache,CN,2022-02-02 22:04:48,38.4167,77.2406,28.8,28.8,28.8,28.8,43,100,2.42
350,Lagoa,PT,2022-02-02 22:00:28,39.05,-27.9833,58.26,58.26,58.26,58.26,73,4,7.4
351,Xichang,CN,2022-02-02 22:04:49,27.8964,102.2634,29.79,29.79,29.79,29.79,94,90,3.27
352,Tukrah,LY,2022-02-02 22:04:49,32.5341,20.5791,54.28,54.28,54.28,54.28,60,91,20.45
353,Dzerzhinsk,RU,2022-02-02 22:04:50,56.2389,43.4631,21.02,21.02,21.02,21.02,86,75,6.71
354,Sinnamary,GF,2022-02-02 22:04:50,5.3833,-52.95,78.49,78.49,78.49,78.49,82,59,12.77
355,Neiafu,TO,2022-02-02 22:04:51,-18.65,-173.9833,84.88,84.88,84.88,84.88,74,40,4.61
356,Alta Floresta,BR,2022-02-02 22:00:58,-9.8756,-56.0861,75.11,75.11,75.11,75.11,91,30,2.13
357,Imbituba,BR,2022-02-02 22:04:51,-28.24,-48.6703,80.49,80.49,80.49,80.49,83,1,12.84
358,Brigantine,US,2022-02-02 22:04:52,39.4101,-74.3646,44.06,44.06,44.06,44.06,97,100,3.44
359,Victor Harbor,AU,2022-02-02 22:04:52,-35.5667,138.6167,64.0,64.0,64.0,64.0,71,98,1.01
360,Maltahohe,NA,2022-02-02 22:04:52,-24.8333,16.9833,71.11,71.11,71.11,71.11,52,46,10.94
361,Chimore,BO,2022-02-02 22:04:53,-16.9833,-65.1333,77.45,77.45,77.45,77.45,92,94,2.13
362,Timra,SE,2022-02-02 22:04:53,62.487,17.3257,8.28,8.28,8.28,8.28,85,75,9.22
363,Kostomuksha,RU,2022-02-02 22:04:54,64.571,30.5767,-0.9,-0.9,-0.9,-0.9,100,93,2.84
364,Maues,BR,2022-02-02 22:04:54,-3.3836,-57.7186,76.44,76.44,76.44,76.44,97,100,1.88
365,Tabuk,PH,2022-02-02 22:04:54,17.4189,121.4443,64.96,64.96,64.96,64.96,91,8,1.32
366,Taksimo,RU,2022-02-02 22:05:55,56.3444,114.8794,-21.55,-21.55,-21.55,-21.55,92,18,2.75
367,Mugur-Aksy,RU,2022-02-02 22:05:55,50.35,90.5,-9.58,-9.58,-9.58,-9.58,85,34,5.82
368,Sozopol,BG,2022-02-02 22:05:56,42.4167,27.7,34.14,34.14,34.14,34.14,96,100,7.83
369,Emerald,AU,2022-02-02 22:05:56,-23.5333,148.1667,74.34,74.34,74.34,74.34,94,100,9.17
370,Santo Antonio Do Ica,BR,2022-02-02 22:05:57,-3.1022,-67.9397,76.23,76.23,76.23,76.23,95,98,2.06
371,Tagusao,PH,2022-02-02 22:05:57,9.1924,117.8141,76.84,76.84,76.84,76.84,86,9,3.11
372,Padang,ID,2022-02-02 22:05:57,-0.9492,100.3543,76.91,76.91,76.91,76.91,86,78,3.6
373,Naraina,IN,2022-02-02 22:01:38,26.7833,75.2,59.14,59.14,59.14,59.14,45,2,7.36
374,Castro,BR,2022-02-02 22:05:00,-24.7911,-50.0119,66.94,66.94,66.94,66.94,90,32,5.3
375,Lavrentiya,RU,2022-02-02 22:05:58,65.5833,-171.0,0.23,0.23,0.23,0.23,69,0,22.32
376,Canton,CN,2022-02-02 22:01:41,23.1167,113.25,46.35,46.35,46.35,46.35,77,98,10.0
377,Vila,PT,2022-02-02 22:05:59,42.0304,-8.1588,44.33,44.33,44.33,44.33,74,95,3.8
378,Maragogi,BR,2022-02-02 22:05:59,-9.0122,-35.2225,80.35,80.35,80.35,80.35,76,19,10.11
379,Itoman,JP,2022-02-02 22:05:59,26.1247,127.6694,69.82,69.82,69.82,69.82,88,75,19.57
380,General Pico,AR,2022-02-02 22:06:00,-35.6566,-63.7568,86.59,86.59,86.59,86.59,48,100,5.59
381,Keetmanshoop,NA,2022-02-02 22:06:00,-26.5833,18.1333,71.67,71.67,71.67,71.67,59,18,13.33
382,Rongai,KE,2022-02-02 22:06:01,-0.1733,35.8638,58.44,58.44,58.44,58.44,86,100,1.03
383,Kondinskoye,RU,2022-02-02 22:06:01,59.6481,67.41,20.66,20.66,20.66,20.66,94,99,11.36
384,Jalu,LY,2022-02-02 22:03:21,29.0331,21.5482,53.26,53.26,53.26,53.26,58,51,13.51
385,Khani,GE,2022-02-02 22:06:02,41.9563,42.9566,36.97,36.97,36.97,36.97,74,98,10.0
386,Sistranda,NO,2022-02-02 22:03:43,63.7256,8.834,31.96,31.96,31.96,31.96,73,92,19.26
387,Bereda,ES,2022-02-02 22:06:02,43.2686,-7.5406,49.91,49.91,49.91,49.91,93,94,2.19
388,Dunedin,NZ,2022-02-02 22:06:03,-45.8742,170.5036,55.94,55.94,55.94,55.94,94,100,12.44
389,Salta,AR,2022-02-02 22:06:03,-24.7859,-65.4117,80.89,80.89,80.89,80.89,69,69,4.68
390,Odesskoye,RU,2022-02-02 22:06:04,54.2111,72.9651,11.98,11.98,11.98,11.98,88,100,9.4
391,Ushtobe,KZ,2022-02-02 22:06:04,45.2514,77.9838,16.23,16.23,16.23,16.23,88,100,4.83
392,Colon,PA,2022-02-02 22:06:04,9.3592,-79.9014,90.01,90.01,90.01,90.01,62,23,3.0
393,Maharajganj,IN,2022-02-02 22:06:05,27.1333,83.5667,55.65,55.65,55.65,55.65,64,94,7.49
394,Sanok,PL,2022-02-02 22:06:05,49.5557,22.2056,34.84,34.84,34.84,34.84,100,100,10.47
395,Batemans Bay,AU,2022-02-02 22:06:06,-35.7167,150.1833,65.98,65.98,65.98,65.98,56,12,8.28
396,Cabinda,AO,2022-02-02 22:06:06,-5.55,12.2,77.9,77.9,77.9,77.9,80,83,7.81
397,Linjiang,CN,2022-02-02 22:06:07,41.8069,126.9078,-4.25,-4.25,-4.25,-4.25,99,26,1.32
398,Kamphaeng Phet,TH,2022-02-02 22:06:07,16.25,99.5,72.55,72.55,72.55,72.55,52,21,3.31
399,Almaznyy,RU,2022-02-02 22:06:07,48.0448,40.045,42.94,42.94,42.94,42.94,99,100,14.76
400,Portland,US,2022-02-02 22:05:07,45.5234,-122.6762,46.81,46.81,46.81,46.81,92,100,1.99
401,Kiomboi,TZ,2022-02-02 22:06:08,-4.2667,34.3667,61.39,61.39,61.39,61.39,75,100,2.86
402,Arlit,NE,2022-02-02 22:06:08,18.7369,7.3853,64.27,64.27,64.27,64.27,17,0,15.26
403,Shimoda,JP,2022-02-02 22:06:09,34.6667,138.95,40.1,40.1,40.1,40.1,63,35,22.77
404,Tabat,ID,2022-02-02 22:06:09,-2.635,115.2274,72.59,72.59,72.59,72.59,96,88,0.89
405,Balkhash,KZ,2022-02-02 22:06:10,46.844,74.9804,9.54,9.54,9.54,9.54,77,99,10.69
406,Kismayo,SO,2022-02-02 22:06:10,-0.3582,42.5454,78.76,78.76,78.76,78.76,88,100,15.61
407,Sobolevo,RU,2022-02-02 22:06:11,54.4299,31.8996,24.35,24.35,24.35,24.35,96,100,8.46
408,Contamana,PE,2022-02-02 22:06:11,-7.3333,-75.0167,91.69,91.69,91.69,91.69,39,98,3.58
409,Shizunai,JP,2022-02-02 22:02:35,42.3339,142.3669,25.72,25.72,25.72,25.72,72,66,14.34
410,Bonthe,SL,2022-02-02 22:07:12,7.5264,-12.505,78.51,78.51,78.51,78.51,86,20,9.01
411,Anage,BR,2022-02-02 22:07:12,-14.6122,-41.1356,75.34,75.34,75.34,75.34,84,75,4.25
412,Saint-Philippe,RE,2022-02-02 22:07:12,-21.3585,55.7679,80.19,80.19,80.19,80.19,94,100,34.09
413,Karacabey,TR,2022-02-02 22:07:13,40.2152,28.4038,49.44,49.44,49.44,49.44,82,100,3.49
414,Itaobim,BR,2022-02-02 22:07:13,-16.5667,-41.8333,73.89,73.89,73.89,73.89,90,68,3.13
415,Voh,NC,2022-02-02 22:07:14,-20.9667,164.7,85.64,85.64,85.64,85.64,60,14,2.37
416,Ivdel,RU,2022-02-02 22:07:14,60.6911,60.4206,2.59,2.59,2.59,2.59,99,81,2.84
417,Youghal,IE,2022-02-02 22:07:15,51.95,-7.8506,49.01,49.01,49.01,49.01,100,100,8.05
418,Maridi,SS,2022-02-02 22:07:15,4.9158,29.4742,75.88,75.88,75.88,75.88,27,100,3.71
419,Whitehorse,CA,2022-02-02 22:04:25,60.7161,-135.0538,1.98,1.98,1.98,1.98,94,100,5.86
420,Edd,ER,2022-02-02 22:07:15,13.9297,41.6925,79.86,79.86,79.86,79.86,71,100,10.38
421,Gazanjyk,TM,2022-02-02 22:07:16,39.2446,55.5154,46.51,46.51,46.51,46.51,47,2,11.14
422,Batagay,RU,2022-02-02 22:07:16,67.6333,134.6333,-33.52,-33.52,-33.52,-33.52,99,76,3.36
423,At-Bashi,KG,2022-02-02 22:07:17,41.1702,75.8106,3.83,3.83,3.83,3.83,89,100,1.66
424,Kangaatsiaq,GL,2022-02-02 22:07:17,68.3065,-53.4641,-6.68,-6.68,-6.68,-6.68,82,100,16.84
425,Kresttsy,RU,2022-02-02 22:07:17,58.2452,32.5165,19.35,19.35,19.35,19.35,98,100,1.92
426,Tura,IN,2022-02-02 22:07:18,25.5198,90.2201,59.99,59.99,59.99,59.99,52,80,3.89
427,Ondjiva,AO,2022-02-02 22:07:18,-17.0667,15.7333,79.72,79.72,79.72,79.72,26,55,13.27
428,San Andres,CO,2022-02-02 22:07:19,12.5847,-81.7006,79.79,79.79,79.79,79.79,73,6,12.1
429,Oskemen,KZ,2022-02-02 22:07:19,49.9565,82.6119,-9.92,-9.92,-9.92,-9.92,97,47,2.39
430,Tiksi,RU,2022-02-02 22:07:19,71.6872,128.8694,-5.22,-5.22,-5.22,-5.22,97,100,6.58
431,Mahanje,TZ,2022-02-02 22:07:20,-9.9333,35.3333,64.6,64.6,64.6,64.6,97,100,2.66
432,Acarau,BR,2022-02-02 22:07:20,-2.8856,-40.12,80.01,80.01,80.01,80.01,79,47,12.21
433,Clyde River,CA,2022-02-02 22:07:20,70.4692,-68.5914,-16.37,-16.37,-16.37,-16.37,76,100,8.05
434,Coxim,BR,2022-02-02 22:07:21,-18.5067,-54.76,76.84,76.84,76.84,76.84,89,100,4.92
435,Kungurtug,RU,2022-02-02 22:07:21,50.5994,97.5228,-18.18,-18.18,-18.18,-18.18,96,40,1.68
436,Agadir,MA,2022-02-02 22:07:22,30.4202,-9.5982,68.45,68.45,68.45,68.45,39,53,5.06
437,Nueva Guinea,NI,2022-02-02 22:07:22,11.6876,-84.4562,81.68,81.68,81.68,81.68,55,43,11.74
438,Auki,SB,2022-02-02 22:07:22,-8.7676,160.7034,80.74,80.74,80.74,80.74,82,100,5.48
439,Marysville,US,2022-02-02 22:03:49,48.0518,-122.1771,43.45,43.45,43.45,43.45,89,100,1.01
440,Northam,GB,2022-02-02 22:07:23,51.0333,-4.2167,48.02,48.02,48.02,48.02,90,100,9.04
441,Poya,NC,2022-02-02 22:07:23,-21.35,165.15,82.58,82.58,82.58,82.58,69,34,2.53
442,Presidencia Roque Saenz Pena,AR,2022-02-02 22:07:24,-26.7852,-60.4388,99.41,99.41,99.41,99.41,18,67,4.65
443,Sao Gabriel,BR,2022-02-02 22:07:24,-30.3364,-54.32,95.23,95.23,95.23,95.23,21,62,7.65
444,Ypsonas,CY,2022-02-02 22:07:24,34.6884,32.9574,59.29,59.29,59.29,59.29,82,75,3.44
445,Manati,PR,2022-02-02 22:07:25,18.4275,-66.4921,80.71,80.71,80.71,80.71,85,23,13.42
446,Binga,ZW,2022-02-02 22:07:25,-17.6203,27.3414,73.31,73.31,73.31,73.31,85,1,1.9
447,Ugoofaaru,MV,2022-02-02 22:07:26,5.6667,73.0,81.3,81.3,81.3,81.3,71,19,7.52
448,Gilgit,PK,2022-02-02 22:07:26,35.9221,74.3087,32.14,32.14,32.14,32.14,95,100,2.13
449,Crateus,BR,2022-02-02 22:07:27,-5.1783,-40.6775,83.95,83.95,83.95,83.95,43,74,6.51
450,Siderno,IT,2022-02-02 22:07:27,38.2779,16.302,55.83,55.83,55.83,55.83,75,0,11.65
451,Torbay,CA,2022-02-02 22:03:26,47.6666,-52.7314,25.48,25.48,25.48,25.48,85,11,1.99
452,Port Lincoln,AU,2022-02-02 22:07:27,-34.7333,135.8667,63.91,63.91,63.91,63.91,72,19,15.55
453,Zielona Gora,PL,2022-02-02 22:06:00,51.9355,15.5064,36.09,36.09,36.09,36.09,45,99,7.54
454,Mersing,MY,2022-02-02 22:07:28,2.4312,103.8405,76.96,76.96,76.96,76.96,86,57,6.49
455,Matagami,CA,2022-02-02 22:02:37,49.7502,-77.6328,4.33,4.33,4.33,4.33,88,100,6.6
456,Sinjai,ID,2022-02-02 22:07:17,-5.1241,120.253,75.61,75.61,75.61,75.61,82,100,3.0
457,Lindsay,US,2022-02-02 22:05:06,36.203,-119.0882,59.77,59.77,59.77,59.77,41,0,4.97
458,Vestmannaeyjar,IS,2022-02-02 22:08:29,63.4427,-20.2734,31.32,31.32,31.32,31.32,72,100,10.22
459,Severo-Kurilsk,RU,2022-02-02 22:08:29,50.6789,156.125,27.99,27.99,27.99,27.99,79,98,6.62
460,Evensk,RU,2022-02-02 22:08:30,61.95,159.2333,22.28,22.28,22.28,22.28,37,100,31.99
461,Ketchikan,US,2022-02-02 22:08:30,55.3422,-131.6461,37.38,37.38,37.38,37.38,100,100,4.61
462,Hobyo,SO,2022-02-02 22:08:31,5.3505,48.5268,77.85,77.85,77.85,77.85,74,92,19.62
463,Dossor,KZ,2022-02-02 22:08:31,47.5272,52.9811,31.53,31.53,31.53,31.53,91,91,11.1
464,Qasigiannguit,GL,2022-02-02 22:08:32,68.8193,-51.1922,-0.15,-0.15,-0.15,-0.15,66,57,12.1
465,Ayna,PE,2022-02-02 22:08:32,-12.65,-73.9167,66.07,66.07,66.07,66.07,78,84,2.1
466,Richmond,US,2022-02-02 22:05:10,37.5538,-77.4603,54.39,54.39,54.39,54.39,53,75,4.61
467,Duncan,US,2022-02-02 22:08:33,34.5023,-97.9578,28.35,28.35,28.35,28.35,83,100,18.41
468,Platanos,GR,2022-02-02 22:08:33,37.6667,21.6167,49.08,49.08,49.08,49.08,90,93,8.66
469,Mul,IN,2022-02-02 22:08:34,20.0667,79.6667,64.96,64.96,64.96,64.96,39,9,5.66
470,Serenje,ZM,2022-02-02 22:08:34,-13.2325,30.2352,62.02,62.02,62.02,62.02,96,8,2.86
471,Panaba,MX,2022-02-02 22:08:34,21.2833,-88.2667,84.54,84.54,84.54,84.54,53,55,13.94
472,Vredendal,ZA,2022-02-02 22:08:35,-31.6683,18.5012,70.63,70.63,70.63,70.63,69,100,9.62
473,Koumra,TD,2022-02-02 22:08:35,8.9126,17.5539,76.89,76.89,76.89,76.89,16,4,8.55
474,Nome,US,2022-02-02 22:04:28,64.5011,-165.4064,10.47,10.47,10.47,10.47,56,0,35.68
475,Bathsheba,BB,2022-02-02 22:05:35,13.2167,-59.5167,79.41,79.41,79.41,79.41,73,20,16.11
476,Puerto Narino,CO,2022-02-02 22:08:36,-3.7703,-70.3831,75.15,75.15,75.15,75.15,97,100,4.97
477,Avera,US,2022-02-02 22:08:37,33.194,-82.5271,65.08,65.08,65.08,65.08,75,91,3.51
478,Ulkan,RU,2022-02-02 22:08:37,57.243,107.3223,-0.44,-0.44,-0.44,-0.44,99,98,2.39
479,Kudahuvadhoo,MV,2022-02-02 22:06:47,2.6708,72.8944,80.85,80.85,80.85,80.85,73,2,6.6
480,Veinticinco De Mayo,AR,2022-02-02 22:06:45,-35.4323,-60.1727,80.98,80.98,80.98,80.98,74,97,1.01
481,Kashi,CN,2022-02-02 22:08:38,39.4547,75.9797,26.98,26.98,26.98,26.98,43,99,1.16
482,Kerman,IR,2022-02-02 22:08:38,30.2832,57.0788,42.73,42.73,42.73,42.73,45,0,2.46
483,Moose Factory,CA,2022-02-02 22:08:39,51.2585,-80.6094,-6.5,-6.5,-6.5,-6.5,86,99,6.64
484,Rincon,US,2022-02-02 22:08:39,32.296,-81.2354,69.98,69.98,69.98,69.98,78,75,11.5
485,Buala,SB,2022-02-02 22:08:40,-8.145,159.5921,81.79,81.79,81.79,81.79,79,100,7.63
486,Hovd,MN,2022-02-02 22:08:40,48.0056,91.6419,-4.9,-4.9,-4.9,-4.9,98,96,0.22
487,Alihe,CN,2022-02-02 22:08:40,50.5667,123.7167,-11.38,-11.38,-11.38,-11.38,97,61,3.31
488,Cognac,FR,2022-02-02 22:08:41,45.5,-0.25,47.61,47.61,47.61,47.61,87,100,4.61
489,Srednekolymsk,RU,2022-02-02 22:08:41,67.45,153.6833,-24.21,-24.21,-24.21,-24.21,98,100,1.86
490,San Ignacio,BZ,2022-02-02 22:08:42,17.1561,-89.0714,89.74,89.74,89.74,89.74,58,20,4.61
491,Lompoc,US,2022-02-02 22:06:36,34.6391,-120.4579,65.79,65.79,65.79,65.79,20,0,14.97
492,Palmas Bellas,PA,2022-02-02 22:08:42,9.2319,-80.0867,87.1,87.1,87.1,87.1,65,18,10.16
493,Praia Da Vitoria,PT,2022-02-02 22:06:08,38.7333,-27.0667,57.76,57.76,57.76,57.76,81,30,9.01
494,Raudeberg,NO,2022-02-02 22:08:43,61.9875,5.1352,32.67,32.67,32.67,32.67,83,100,3.0
495,Aksu,CN,2022-02-02 22:08:43,41.1231,80.2644,22.26,22.26,22.26,22.26,54,91,1.34
496,Boende,CD,2022-02-02 22:08:44,-0.2167,20.8667,77.52,77.52,77.52,77.52,44,100,2.91
497,Mazatlan,MX,2022-02-02 22:04:04,23.2167,-106.4167,75.16,75.16,75.16,75.16,71,75,1.99
498,Lata,PT,2022-02-02 22:05:37,40.1629,-8.3327,51.93,51.93,51.93,51.93,73,95,2.26
499,Baoshan,CN,2022-02-02 22:08:44,46.5586,131.4244,-3.17,-3.17,-3.17,-3.17,91,29,7.78
500,Chepareria,KE,2022-02-02 22:08:45,1.3077,35.2039,62.26,62.26,62.26,62.26,69,100,4.63
501,Ust-Kuyga,RU,2022-02-02 22:08:45,70.0167,135.6,-21.19,-21.19,-21.19,-21.19,96,88,8.3
502,Seydi,TM,2022-02-02 22:08:46,39.4816,62.9137,42.8,42.8,42.8,42.8,57,0,6.17
503,Mae Sai,TH,2022-02-02 22:08:46,20.4335,99.8762,54.9,54.9,54.9,54.9,51,2,3.0
504,Sawtell,AU,2022-02-02 22:08:46,-30.3833,153.1,73.18,73.18,73.18,73.18,94,75,14.97
505,Severo-Yeniseyskiy,RU,2022-02-02 22:09:47,60.3725,93.0408,10.15,10.15,10.15,10.15,95,100,4.88
506,Skegness,GB,2022-02-02 22:09:47,53.1436,0.3363,48.83,48.83,48.83,48.83,91,100,10.42
507,Lelystad,NL,2022-02-02 22:06:25,52.5083,5.475,48.97,48.97,48.97,48.97,96,100,7.0
508,Nantucket,US,2022-02-02 22:09:48,41.2835,-70.0995,44.15,44.15,44.15,44.15,94,100,9.91
509,Sao Felix Do Xingu,BR,2022-02-02 22:09:48,-6.6447,-51.995,74.39,74.39,74.39,74.39,94,68,3.0
510,Quatre Cocos,MU,2022-02-02 22:09:49,-20.2078,57.7625,79.09,79.09,79.09,79.09,89,100,32.64
511,Casas Grandes,MX,2022-02-02 22:09:49,30.3667,-107.95,55.44,55.44,55.44,55.44,36,100,23.4
512,Brae,GB,2022-02-02 22:09:00,60.3964,-1.353,46.31,46.31,46.31,46.31,90,100,9.08
513,Pevek,RU,2022-02-02 22:06:50,69.7008,170.3133,-8.43,-8.43,-8.43,-8.43,76,30,4.92
514,Tauranga,NZ,2022-02-02 22:09:50,-37.6861,176.1667,79.74,79.74,79.74,79.74,82,100,10.0
515,Bibbiena,IT,2022-02-02 22:09:50,43.6965,11.8135,47.52,47.52,47.52,47.52,71,0,1.81
516,Georgiyevka,KZ,2022-02-02 22:06:12,43.0369,74.7114,24.84,24.84,24.84,24.84,93,100,4.47
517,Pechora,RU,2022-02-02 22:09:51,65.1472,57.2244,15.6,15.6,15.6,15.6,95,100,8.52
518,Champerico,GT,2022-02-02 22:09:51,14.3,-91.9167,91.94,91.94,91.94,91.94,59,1,11.39
519,Torata,PE,2022-02-02 22:06:52,-17.0769,-70.8433,60.24,60.24,60.24,60.24,71,72,7.92
520,Prieska,ZA,2022-02-02 22:09:52,-29.6641,22.7474,68.67,68.67,68.67,68.67,86,72,11.01
521,Camacha,PT,2022-02-02 22:08:24,33.0833,-16.3333,63.54,63.54,63.54,63.54,94,40,9.22
522,Buchanan,LR,2022-02-02 22:09:52,5.8808,-10.0467,76.96,76.96,76.96,76.96,81,23,6.96
523,Ukiah,US,2022-02-02 22:05:08,39.1502,-123.2078,64.58,64.58,64.58,64.58,34,0,4.61
524,Talnakh,RU,2022-02-02 22:06:13,69.4865,88.3972,-6.12,-6.12,-6.12,-6.12,99,93,6.29
525,Suslovo,RU,2022-02-02 22:09:53,56.2167,88.1167,6.6,6.6,6.6,6.6,98,97,4.03
526,Coihaique,CL,2022-02-02 22:09:54,-45.5752,-72.0662,67.95,67.95,67.95,67.95,52,40,6.91
527,Pemba,MZ,2022-02-02 22:09:54,-12.974,40.5178,79.77,79.77,79.77,79.77,73,39,3.53
528,Half Moon Bay,US,2022-02-02 22:09:54,37.4636,-122.4286,64.72,64.72,64.72,64.72,29,0,1.99
529,Martinsburg,US,2022-02-02 22:09:55,39.4562,-77.9639,47.44,47.44,47.44,47.44,62,0,0.0
530,Pascagoula,US,2022-02-02 22:05:54,30.3658,-88.5561,65.32,65.32,65.32,65.32,99,100,8.05
531,Qaqortoq,GL,2022-02-02 22:09:55,60.7167,-46.0333,3.7,3.7,3.7,3.7,69,56,7.52
532,Wronki,PL,2022-02-02 22:06:49,52.7105,16.3804,33.78,33.78,33.78,33.78,92,96,7.52
533,Floirac,FR,2022-02-02 22:09:56,44.8324,-0.5141,48.02,48.02,48.02,48.02,91,100,12.66
534,Honningsvag,NO,2022-02-02 22:05:07,70.9821,25.9704,27.66,27.66,27.66,27.66,71,91,10.13
535,Galesong,ID,2022-02-02 22:08:06,-5.3166,119.3661,75.22,75.22,75.22,75.22,82,100,2.77
536,Walvis Bay,NA,2022-02-02 22:09:57,-22.9575,14.5053,69.1,69.1,69.1,69.1,74,2,9.22
537,Ati,TD,2022-02-02 22:09:57,13.2154,18.3353,64.54,64.54,64.54,64.54,12,2,9.64
538,Bowen,AU,2022-02-02 22:09:58,-20.0167,148.2333,81.84,81.84,81.84,81.84,77,100,2.21
539,Bairnsdale,AU,2022-02-02 22:09:58,-37.8333,147.6167,60.71,60.71,60.71,60.71,76,43,1.01
540,Chany,RU,2022-02-02 22:09:59,55.3121,76.7647,2.53,2.53,2.53,2.53,98,100,7.25
541,Asau,RO,2022-02-02 22:09:59,46.4333,26.4,23.92,23.92,23.92,23.92,89,88,6.15
542,Svetlogorsk,BY,2022-02-02 22:09:59,52.6333,29.7333,28.89,28.89,28.89,28.89,97,99,8.97
543,Lokosovo,RU,2022-02-02 22:10:00,61.1333,74.8167,21.51,21.51,21.51,21.51,94,100,11.36
544,Saint Anthony,US,2022-02-02 22:10:00,45.0205,-93.218,7.14,7.14,7.14,7.14,53,0,5.99
545,Koryazhma,RU,2022-02-02 22:09:15,61.3143,47.1691,22.93,22.93,22.93,22.93,94,100,6.96
546,Qui Nhon,VN,2022-02-02 22:10:01,13.7667,109.2333,72.95,72.95,72.95,72.95,87,100,7.92
547,Nelson Bay,AU,2022-02-02 22:09:11,-32.7167,152.15,66.11,66.11,66.11,66.11,93,100,3.0
548,Boa Vista,BR,2022-02-02 22:05:26,2.8197,-60.6733,89.58,89.58,89.58,89.58,45,20,12.66
549,Longyearbyen,SJ,2022-02-02 22:06:22,78.2186,15.6401,15.64,15.64,15.64,15.64,73,0,16.11
550,Fatick,SN,2022-02-02 22:10:02,14.3581,-16.5858,81.54,81.54,81.54,81.54,46,75,8.68
551,Riyadh,SA,2022-02-02 22:05:35,24.6877,46.7219,51.94,51.94,51.94,51.94,36,0,5.73
552,Krasnomayskiy,RU,2022-02-02 22:10:03,57.6194,34.4099,15.31,15.31,15.31,15.31,98,100,2.59
553,Klaksvik,FO,2022-02-02 22:08:53,62.2266,-6.589,40.12,40.12,40.12,40.12,77,100,13.27
554,Wakkanai,JP,2022-02-02 22:11:03,45.4094,141.6739,23.43,23.43,23.43,23.43,73,100,11.56
555,Kichmengskiy Gorodok,RU,2022-02-02 22:11:04,59.9816,45.7854,21.42,21.42,21.42,21.42,94,100,7.54
556,Dongsheng,CN,2022-02-02 22:11:04,39.8161,109.9776,9.7,9.7,9.7,9.7,42,8,4.09
557,Bilma,NE,2022-02-02 22:07:33,18.6853,12.9164,61.74,61.74,61.74,61.74,17,0,13.44
558,Pacific Grove,US,2022-02-02 22:11:05,36.6177,-121.9166,65.61,65.61,65.61,65.61,28,0,3.0
559,Shadrinsk,RU,2022-02-02 22:11:05,56.0852,63.6335,9.52,9.52,9.52,9.52,96,89,6.04
560,Praia,CV,2022-02-02 22:08:38,14.9215,-23.5087,72.14,72.14,72.14,72.14,68,3,20.71
561,Waingapu,ID,2022-02-02 22:11:06,-9.6567,120.2641,78.26,78.26,78.26,78.26,81,19,9.08
562,Yendi,GH,2022-02-02 22:11:06,9.4427,-0.0099,79.05,79.05,79.05,79.05,10,50,5.88
563,Benghazi,LY,2022-02-02 22:08:43,32.1167,20.0667,56.07,56.07,56.07,56.07,56,64,22.44
564,Kaeo,NZ,2022-02-02 22:11:07,-35.1,173.7833,74.32,74.32,74.32,74.32,84,100,11.61
565,Tromso,NO,2022-02-02 22:10:54,69.6496,18.957,12.22,12.22,12.22,12.22,79,0,4.61
566,Marzuq,YE,2022-02-02 22:09:06,14.4,46.4667,64.09,64.09,64.09,64.09,48,94,4.38
567,Xuddur,SO,2022-02-02 22:11:08,4.1213,43.8894,75.69,75.69,75.69,75.69,54,100,15.64
568,Aksha,RU,2022-02-02 22:11:09,50.2814,113.2867,-15.59,-15.59,-15.59,-15.59,98,14,3.56
569,Jardim,BR,2022-02-02 22:11:09,-21.4803,-56.1381,81.03,81.03,81.03,81.03,72,71,5.59
570,Araouane,ML,2022-02-02 22:11:09,18.9048,-3.5265,65.66,65.66,65.66,65.66,13,72,12.15
571,Yamethin,MM,2022-02-02 22:11:10,20.4333,96.15,59.7,59.7,59.7,59.7,50,12,1.88
572,Las Vegas,US,2022-02-02 22:08:35,36.175,-115.1372,51.28,51.28,51.28,51.28,14,0,21.85
573,Rosetta,EG,2022-02-02 22:11:11,31.4044,30.4164,54.84,54.84,54.84,54.84,52,100,12.08
574,Adre,TD,2022-02-02 22:11:11,13.4667,22.2,64.9,64.9,64.9,64.9,20,5,9.15
575,Borovoy,RU,2022-02-02 22:11:11,55.4333,86.0833,13.28,13.28,13.28,13.28,92,100,2.24
576,Manicore,BR,2022-02-02 22:11:12,-5.8092,-61.3003,77.95,77.95,77.95,77.95,91,100,1.43
577,Okhotsk,RU,2022-02-02 22:10:09,59.3833,143.3,7.0,7.0,7.0,7.0,75,100,15.39
578,Dukhovshchina,RU,2022-02-02 22:11:12,55.1919,32.4111,23.81,23.81,23.81,23.81,97,100,5.44
